source1_entity_id	candidate_entity_ids
S1-714132312	S3-625880872,S3-867809779
S1-106407869	S2-104974637,S2-181714769,S2-384676749,S2-47475427,S2-537475802,S2-570778034,S2-571602010,S2-794512883,S2-885551878,S2-886540563,S2-908403586,S2-92136030,S2-997023970,S3-245724670,S3-654401737,S3-656342355,S3-696641691,S3-918090607,S3-943074147
S1-156285671	S2-160966771,S2-180394702,S2-181576625,S2-210484113,S2-216577514,S2-315093801,S2-500028806,S2-50840726,S2-539923569,S2-591130136,S2-627620252,S2-631516219,S2-642507642,S2-64661346,S2-648438067,S2-682566249,S2-690897988,S2-693304006,S2-721272321,S2-754085628,S2-790421714,S2-806838979,S2-818359405,S2-823443457,S2-868820087,S2-971574924,S3-156413602,S3-205840591,S3-277504297,S3-322638202,S3-33213500,S3-335683571,S3-371440905,S3-453812384,S3-482763678,S3-516625443,S3-522877008,S3-626746400,S3-683806513,S3-68418198,S3-705874844,S3-711484488,S3-751716433,S3-762835469,S3-797166716,S3-816282780,S3-875859009
S1-689823050	""
S1-921369899	S2-107533354,S2-181578729,S2-402781316,S2-428151562,S2-699191786,S2-808920974,S2-812195190,S3-285097097,S3-324383783,S3-553410360,S3-57594330,S3-659967223,S3-779830725,S3-974282260
S1-481669221	S2-284602321
S1-909865979	S2-111603994,S2-114894157,S2-162988628,S2-192695265,S2-282102043,S2-305814200,S2-32135297,S2-38744097,S2-391573996,S2-412406867,S2-427529280,S2-518801559,S2-528901108,S2-547847470,S2-57687679,S2-598847657,S2-612598164,S2-615821725,S2-81776388,S2-819123304,S2-819591958,S2-898320595,S2-939615243,S2-969410375,S3-145974554,S3-172909739,S3-182986134,S3-185516359,S3-237387703,S3-274126946,S3-287513957,S3-309701421,S3-317089946,S3-322891815,S3-363852035,S3-382480468,S3-388078500,S3-403086436,S3-45370125,S3-47801110,S3-545829635,S3-561577102,S3-588016248,S3-590543778,S3-613974661,S3-687757928,S3-692902601,S3-815167349,S3-818019213,S3-837937060,S3-911082795,S3-947203525,S3-964466781
S1-280204013	S2-106459682,S2-406199356,S2-510010767,S2-616226992,S3-639186409
S1-742053041	S2-317425677,S2-73207920
S1-913506265	S3-449954828
